[
  [
    {
      "id": 1,
      "userID": 12,
      "AP7INVOICESID": 22842,
      "CHECKS7ID": 29641,
      "PaymentAmount": 441.12,
      "CheckAddedbyID": 12,
      "InvoiceAddedbyID": 26,
      "PAYMENTMETHOD": 1,
      "DeltaTime": 9007.9282,
      "HOD": 7,
      "DOW_num": 4,
      "DOW_str": "Thursday",
      "outlier": 1
    },
    {
      "id": 2,
      "userID": 26,
      "AP7INVOICESID": 22865,
      "CHECKS7ID": 29624,
      "PaymentAmount": 138.01,
      "CheckAddedbyID": 26,
      "InvoiceAddedbyID": 26,
      "PAYMENTMETHOD": 3,
      "DeltaTime": 8895.835,
      "HOD": 15,
      "DOW_num": 2,
      "DOW_str": "Tuesday",
      "outlier": 1
    },
    {
      "id": 3,
      "userID": 31,
      "AP7INVOICESID": 24187,
      "CHECKS7ID": 31434,
      "PaymentAmount": 185,
      "CheckAddedbyID": 31,
      "InvoiceAddedbyID": 31,
      "PAYMENTMETHOD": 1,
      "DeltaTime": 2725.499,
      "HOD": 13,
      "DOW_num": 2,
      "DOW_str": "Tuesday",
      "outlier": 1
    },
    {
      "id": 4,
      "userID": 1,
      "AP7INVOICESID": 4676,
      "CHECKS7ID": 7749,
      "PaymentAmount": 9,
      "CheckAddedbyID": 1,
      "InvoiceAddedbyID": 9,
      "PAYMENTMETHOD": 1,
      "DeltaTime": 40.0255,
      "HOD": 16,
      "DOW_num": 4,
      "DOW_str": "Thursday",
      "outlier": 1
    },
    {
      "id": 5,
      "userID": 1,
      "AP7INVOICESID": 4677,
      "CHECKS7ID": 7748,
      "PaymentAmount": 520,
      "CheckAddedbyID": 1,
      "InvoiceAddedbyID": 1,
      "PAYMENTMETHOD": 1,
      "DeltaTime": 63.8829,
      "HOD": 15,
      "DOW_num": 4,
      "DOW_str": "Thursday",
      "outlier": 1
    },
    {
      "id": 6,
      "userID": 1,
      "AP7INVOICESID": 4986,
      "CHECKS7ID": 7980,
      "PaymentAmount": 95.39,
      "CheckAddedbyID": 1,
      "InvoiceAddedbyID": 1,
      "PAYMENTMETHOD": 1,
      "DeltaTime": 11.7412,
      "HOD": 11,
      "DOW_num": 1,
      "DOW_str": "Monday",
      "outlier": 1
    },
    {
      "id": 7,
      "userID": 1,
      "AP7INVOICESID": 5143,
      "CHECKS7ID": 8141,
      "PaymentAmount": 55.1,
      "CheckAddedbyID": 1,
      "InvoiceAddedbyID": 1,
      "PAYMENTMETHOD": 1,
      "DeltaTime": 2126.2189,
      "HOD": 14,
      "DOW_num": 1,
      "DOW_str": "Monday",
      "outlier": 1
    },
    {
      "id": 8,
      "userID": 1,
      "AP7INVOICESID": 5144,
      "CHECKS7ID": 8142,
      "PaymentAmount": 30.72,
      "CheckAddedbyID": 1,
      "InvoiceAddedbyID": 1,
      "PAYMENTMETHOD": 1,
      "DeltaTime": 1982.2731,
      "HOD": 14,
      "DOW_num": 1,
      "DOW_str": "Monday",
      "outlier": 1
    },
    {
      "id": 9,
      "userID": 1,
      "AP7INVOICESID": 5145,
      "CHECKS7ID": 8143,
      "PaymentAmount": 60,
      "CheckAddedbyID": 1,
      "InvoiceAddedbyID": 1,
      "PAYMENTMETHOD": 1,
      "DeltaTime": 16.7782,
      "HOD": 16,
      "DOW_num": 1,
      "DOW_str": "Monday",
      "outlier": 1
    },
    {
      "id": 10,
      "userID": 1,
      "AP7INVOICESID": 10259,
      "CHECKS7ID": 12573,
      "PaymentAmount": 79,
      "CheckAddedbyID": 1,
      "InvoiceAddedbyID": 1,
      "PAYMENTMETHOD": 1,
      "DeltaTime": 13.3706,
      "HOD": 13,
      "DOW_num": 5,
      "DOW_str": "Friday",
      "outlier": 1
    },
    {
      "id": 11,
      "userID": 8,
      "AP7INVOICESID": 10861,
      "CHECKS7ID": 14737,
      "PaymentAmount": 1314.75,
      "CheckAddedbyID": 8,
      "InvoiceAddedbyID": 13,
      "PAYMENTMETHOD": 1,
      "DeltaTime": 5699.4251,
      "HOD": 11,
      "DOW_num": 3,
      "DOW_str": "Wednesday",
      "outlier": 1
    },
    {
      "id": 12,
      "userID": 8,
      "AP7INVOICESID": 10862,
      "CHECKS7ID": 14737,
      "PaymentAmount": 409.5,
      "CheckAddedbyID": 8,
      "InvoiceAddedbyID": 13,
      "PAYMENTMETHOD": 1,
      "DeltaTime": 5699.4251,
      "HOD": 11,
      "DOW_num": 3,
      "DOW_str": "Wednesday",
      "outlier": 1
    },
    {
      "id": 13,
      "userID": 8,
      "AP7INVOICESID": 10863,
      "CHECKS7ID": 14737,
      "PaymentAmount": 1010.75,
      "CheckAddedbyID": 8,
      "InvoiceAddedbyID": 13,
      "PAYMENTMETHOD": 1,
      "DeltaTime": 5699.4251,
      "HOD": 11,
      "DOW_num": 3,
      "DOW_str": "Wednesday",
      "outlier": 1
    },
    {
      "id": 14,
      "userID": 8,
      "AP7INVOICESID": 10864,
      "CHECKS7ID": 14737,
      "PaymentAmount": 529.75,
      "CheckAddedbyID": 8,
      "InvoiceAddedbyID": 13,
      "PAYMENTMETHOD": 1,
      "DeltaTime": 5699.4251,
      "HOD": 11,
      "DOW_num": 3,
      "DOW_str": "Wednesday",
      "outlier": 1
    },
    {
      "id": 15,
      "userID": 8,
      "AP7INVOICESID": 10865,
      "CHECKS7ID": 14737,
      "PaymentAmount": 297.5,
      "CheckAddedbyID": 8,
      "InvoiceAddedbyID": 13,
      "PAYMENTMETHOD": 1,
      "DeltaTime": 5699.4251,
      "HOD": 11,
      "DOW_num": 3,
      "DOW_str": "Wednesday",
      "outlier": 1
    },
    {
      "id": 16,
      "userID": 8,
      "AP7INVOICESID": 10966,
      "CHECKS7ID": 13740,
      "PaymentAmount": 467.1,
      "CheckAddedbyID": 8,
      "InvoiceAddedbyID": 8,
      "PAYMENTMETHOD": 3,
      "DeltaTime": 17938.2925,
      "HOD": 10,
      "DOW_num": 5,
      "DOW_str": "Friday",
      "outlier": 1
    },
    {
      "id": 17,
      "userID": 8,
      "AP7INVOICESID": 14462,
      "CHECKS7ID": 21053,
      "PaymentAmount": 2771.91,
      "CheckAddedbyID": 8,
      "InvoiceAddedbyID": 8,
      "PAYMENTMETHOD": 1,
      "DeltaTime": 7383.2841,
      "HOD": 15,
      "DOW_num": 3,
      "DOW_str": "Wednesday",
      "outlier": 1
    },
    {
      "id": 18,
      "userID": 8,
      "AP7INVOICESID": 16833,
      "CHECKS7ID": 21722,
      "PaymentAmount": 1060.17,
      "CheckAddedbyID": 8,
      "InvoiceAddedbyID": 26,
      "PAYMENTMETHOD": 1,
      "DeltaTime": 14098.7269,
      "HOD": 10,
      "DOW_num": 1,
      "DOW_str": "Monday",
      "outlier": 1
    },
    {
      "id": 19,
      "userID": 8,
      "AP7INVOICESID": 19890,
      "CHECKS7ID": 25819,
      "PaymentAmount": 101.98,
      "CheckAddedbyID": 8,
      "InvoiceAddedbyID": 26,
      "PAYMENTMETHOD": 1,
      "DeltaTime": 7191.8996,
      "HOD": 15,
      "DOW_num": 2,
      "DOW_str": "Tuesday",
      "outlier": 1
    },
    {
      "id": 20,
      "userID": 9,
      "AP7INVOICESID": 4506,
      "CHECKS7ID": 8013,
      "PaymentAmount": 288.51,
      "CheckAddedbyID": 9,
      "InvoiceAddedbyID": 9,
      "PAYMENTMETHOD": 1,
      "DeltaTime": 4018.5881,
      "HOD": 10,
      "DOW_num": 3,
      "DOW_str": "Wednesday",
      "outlier": 1
    },
    {
      "id": 21,
      "userID": 9,
      "AP7INVOICESID": 4528,
      "CHECKS7ID": 7796,
      "PaymentAmount": 74.9,
      "CheckAddedbyID": 9,
      "InvoiceAddedbyID": 9,
      "PAYMENTMETHOD": 1,
      "DeltaTime": 2198.8679,
      "HOD": 14,
      "DOW_num": 4,
      "DOW_str": "Thursday",
      "outlier": 1
    },
    {
      "id": 22,
      "userID": 9,
      "AP7INVOICESID": 4713,
      "CHECKS7ID": 7915,
      "PaymentAmount": 15,
      "CheckAddedbyID": 9,
      "InvoiceAddedbyID": 9,
      "PAYMENTMETHOD": 1,
      "DeltaTime": 2987.4194,
      "HOD": 11,
      "DOW_num": 2,
      "DOW_str": "Tuesday",
      "outlier": 1
    },
    {
      "id": 23,
      "userID": 9,
      "AP7INVOICESID": 4798,
      "CHECKS7ID": 7861,
      "PaymentAmount": 42.4,
      "CheckAddedbyID": 9,
      "InvoiceAddedbyID": 9,
      "PAYMENTMETHOD": 1,
      "DeltaTime": 4595.7378,
      "HOD": 11,
      "DOW_num": 5,
      "DOW_str": "Friday",
      "outlier": 1
    },
    {
      "id": 24,
      "userID": 9,
      "AP7INVOICESID": 4805,
      "CHECKS7ID": 7861,
      "PaymentAmount": 5,
      "CheckAddedbyID": 9,
      "InvoiceAddedbyID": 9,
      "PAYMENTMETHOD": 1,
      "DeltaTime": 2699.7378,
      "HOD": 11,
      "DOW_num": 5,
      "DOW_str": "Friday",
      "outlier": 1
    },
    {
      "id": 25,
      "userID": 9,
      "AP7INVOICESID": 4807,
      "CHECKS7ID": 7863,
      "PaymentAmount": 148.34,
      "CheckAddedbyID": 9,
      "InvoiceAddedbyID": 9,
      "PAYMENTMETHOD": 1,
      "DeltaTime": 5075.7408,
      "HOD": 11,
      "DOW_num": 5,
      "DOW_str": "Friday",
      "outlier": 1
    },
    {
      "id": 26,
      "userID": 9,
      "AP7INVOICESID": 4945,
      "CHECKS7ID": 8025,
      "PaymentAmount": 225,
      "CheckAddedbyID": 9,
      "InvoiceAddedbyID": 9,
      "PAYMENTMETHOD": 1,
      "DeltaTime": 6034.6016,
      "HOD": 10,
      "DOW_num": 3,
      "DOW_str": "Wednesday",
      "outlier": 1
    },
    {
      "id": 27,
      "userID": 12,
      "AP7INVOICESID": 4246,
      "CHECKS7ID": 8208,
      "PaymentAmount": 3720,
      "CheckAddedbyID": 12,
      "InvoiceAddedbyID": 9,
      "PAYMENTMETHOD": 1,
      "DeltaTime": 6252.2842,
      "HOD": 12,
      "DOW_num": 3,
      "DOW_str": "Wednesday",
      "outlier": 1
    },
    {
      "id": 28,
      "userID": 12,
      "AP7INVOICESID": 4255,
      "CHECKS7ID": 8221,
      "PaymentAmount": 346.15,
      "CheckAddedbyID": 12,
      "InvoiceAddedbyID": 9,
      "PAYMENTMETHOD": 1,
      "DeltaTime": 5678.4327,
      "HOD": 14,
      "DOW_num": 5,
      "DOW_str": "Friday",
      "outlier": 1
    },
    {
      "id": 29,
      "userID": 12,
      "AP7INVOICESID": 4572,
      "CHECKS7ID": 8219,
      "PaymentAmount": 30,
      "CheckAddedbyID": 12,
      "InvoiceAddedbyID": 9,
      "PAYMENTMETHOD": 1,
      "DeltaTime": 4118.4321,
      "HOD": 14,
      "DOW_num": 5,
      "DOW_str": "Friday",
      "outlier": 1
    },
    {
      "id": 30,
      "userID": 12,
      "AP7INVOICESID": 4575,
      "CHECKS7ID": 8221,
      "PaymentAmount": 346.16,
      "CheckAddedbyID": 12,
      "InvoiceAddedbyID": 9,
      "PAYMENTMETHOD": 1,
      "DeltaTime": 5390.4327,
      "HOD": 14,
      "DOW_num": 5,
      "DOW_str": "Friday",
      "outlier": 1
    },
    {
      "id": 31,
      "userID": 12,
      "AP7INVOICESID": 4579,
      "CHECKS7ID": 8237,
      "PaymentAmount": 6.6,
      "CheckAddedbyID": 12,
      "InvoiceAddedbyID": 9,
      "PAYMENTMETHOD": 1,
      "DeltaTime": 4071.2851,
      "HOD": 15,
      "DOW_num": 5,
      "DOW_str": "Friday",
      "outlier": 1
    },
    {
      "id": 32,
      "userID": 12,
      "AP7INVOICESID": 4648,
      "CHECKS7ID": 8223,
      "PaymentAmount": 175.13,
      "CheckAddedbyID": 12,
      "InvoiceAddedbyID": 9,
      "PAYMENTMETHOD": 1,
      "DeltaTime": 3614.4337,
      "HOD": 14,
      "DOW_num": 5,
      "DOW_str": "Friday",
      "outlier": 1
    },
    {
      "id": 33,
      "userID": 12,
      "AP7INVOICESID": 4652,
      "CHECKS7ID": 8226,
      "PaymentAmount": 11.97,
      "CheckAddedbyID": 12,
      "InvoiceAddedbyID": 9,
      "PAYMENTMETHOD": 1,
      "DeltaTime": 3590.4354,
      "HOD": 14,
      "DOW_num": 5,
      "DOW_str": "Friday",
      "outlier": 1
    },
    {
      "id": 34,
      "userID": 12,
      "AP7INVOICESID": 4665,
      "CHECKS7ID": 8223,
      "PaymentAmount": 262.75,
      "CheckAddedbyID": 12,
      "InvoiceAddedbyID": 9,
      "PAYMENTMETHOD": 1,
      "DeltaTime": 3422.4337,
      "HOD": 14,
      "DOW_num": 5,
      "DOW_str": "Friday",
      "outlier": 1
    },
    {
      "id": 35,
      "userID": 12,
      "AP7INVOICESID": 4876,
      "CHECKS7ID": 8225,
      "PaymentAmount": 577.28,
      "CheckAddedbyID": 12,
      "InvoiceAddedbyID": 9,
      "PAYMENTMETHOD": 1,
      "DeltaTime": 3350.435,
      "HOD": 14,
      "DOW_num": 5,
      "DOW_str": "Friday",
      "outlier": 1
    },
    {
      "id": 36,
      "userID": 12,
      "AP7INVOICESID": 5178,
      "CHECKS7ID": 8219,
      "PaymentAmount": 30,
      "CheckAddedbyID": 12,
      "InvoiceAddedbyID": 12,
      "PAYMENTMETHOD": 1,
      "DeltaTime": 3974.4321,
      "HOD": 14,
      "DOW_num": 5,
      "DOW_str": "Friday",
      "outlier": 1
    },
    {
      "id": 37,
      "userID": 12,
      "AP7INVOICESID": 5199,
      "CHECKS7ID": 8224,
      "PaymentAmount": 206.98,
      "CheckAddedbyID": 12,
      "InvoiceAddedbyID": 12,
      "PAYMENTMETHOD": 1,
      "DeltaTime": 9998.4346,
      "HOD": 14,
      "DOW_num": 5,
      "DOW_str": "Friday",
      "outlier": 1
    },
    {
      "id": 38,
      "userID": 12,
      "AP7INVOICESID": 5200,
      "CHECKS7ID": 8224,
      "PaymentAmount": 296.21,
      "CheckAddedbyID": 12,
      "InvoiceAddedbyID": 12,
      "PAYMENTMETHOD": 1,
      "DeltaTime": 9830.4346,
      "HOD": 14,
      "DOW_num": 5,
      "DOW_str": "Friday",
      "outlier": 1
    },
    {
      "id": 39,
      "userID": 12,
      "AP7INVOICESID": 22164,
      "CHECKS7ID": 28789,
      "PaymentAmount": 100,
      "CheckAddedbyID": 12,
      "InvoiceAddedbyID": 26,
      "PAYMENTMETHOD": 1,
      "DeltaTime": 8770.1036,
      "HOD": 10,
      "DOW_num": 3,
      "DOW_str": "Wednesday",
      "outlier": 1
    },
    {
      "id": 40,
      "userID": 12,
      "AP7INVOICESID": 22166,
      "CHECKS7ID": 28791,
      "PaymentAmount": 100,
      "CheckAddedbyID": 12,
      "InvoiceAddedbyID": 26,
      "PAYMENTMETHOD": 1,
      "DeltaTime": 8770.3873,
      "HOD": 10,
      "DOW_num": 3,
      "DOW_str": "Wednesday",
      "outlier": 1
    },
    {
      "id": 41,
      "userID": 12,
      "AP7INVOICESID": 22167,
      "CHECKS7ID": 28791,
      "PaymentAmount": 62.5,
      "CheckAddedbyID": 12,
      "InvoiceAddedbyID": 26,
      "PAYMENTMETHOD": 1,
      "DeltaTime": 8770.3873,
      "HOD": 10,
      "DOW_num": 3,
      "DOW_str": "Wednesday",
      "outlier": 1
    },
    {
      "id": 42,
      "userID": 12,
      "AP7INVOICESID": 22168,
      "CHECKS7ID": 28796,
      "PaymentAmount": 100,
      "CheckAddedbyID": 12,
      "InvoiceAddedbyID": 26,
      "PAYMENTMETHOD": 1,
      "DeltaTime": 8772.0951,
      "HOD": 12,
      "DOW_num": 3,
      "DOW_str": "Wednesday",
      "outlier": 1
    },
    {
      "id": 43,
      "userID": 12,
      "AP7INVOICESID": 22676,
      "CHECKS7ID": 29432,
      "PaymentAmount": 176.15,
      "CheckAddedbyID": 12,
      "InvoiceAddedbyID": 26,
      "PAYMENTMETHOD": 1,
      "DeltaTime": 9418.159,
      "HOD": 10,
      "DOW_num": 4,
      "DOW_str": "Thursday",
      "outlier": 1
    },
    {
      "id": 44,
      "userID": 12,
      "AP7INVOICESID": 22677,
      "CHECKS7ID": 29432,
      "PaymentAmount": 35,
      "CheckAddedbyID": 12,
      "InvoiceAddedbyID": 26,
      "PAYMENTMETHOD": 1,
      "DeltaTime": 9394.159,
      "HOD": 10,
      "DOW_num": 4,
      "DOW_str": "Thursday",
      "outlier": 1
    },
    {
      "id": 45,
      "userID": 12,
      "AP7INVOICESID": 22678,
      "CHECKS7ID": 29432,
      "PaymentAmount": 10,
      "CheckAddedbyID": 12,
      "InvoiceAddedbyID": 26,
      "PAYMENTMETHOD": 1,
      "DeltaTime": 9226.159,
      "HOD": 10,
      "DOW_num": 4,
      "DOW_str": "Thursday",
      "outlier": 1
    },
    {
      "id": 46,
      "userID": 12,
      "AP7INVOICESID": 22682,
      "CHECKS7ID": 29432,
      "PaymentAmount": 12,
      "CheckAddedbyID": 12,
      "InvoiceAddedbyID": 26,
      "PAYMENTMETHOD": 1,
      "DeltaTime": 8386.159,
      "HOD": 10,
      "DOW_num": 4,
      "DOW_str": "Thursday",
      "outlier": 1
    },
    {
      "id": 47,
      "userID": 12,
      "AP7INVOICESID": 22684,
      "CHECKS7ID": 29432,
      "PaymentAmount": 10,
      "CheckAddedbyID": 12,
      "InvoiceAddedbyID": 26,
      "PAYMENTMETHOD": 1,
      "DeltaTime": 8242.159,
      "HOD": 10,
      "DOW_num": 4,
      "DOW_str": "Thursday",
      "outlier": 1
    },
    {
      "id": 48,
      "userID": 12,
      "AP7INVOICESID": 22685,
      "CHECKS7ID": 29432,
      "PaymentAmount": 3,
      "CheckAddedbyID": 12,
      "InvoiceAddedbyID": 26,
      "PAYMENTMETHOD": 1,
      "DeltaTime": 8050.159,
      "HOD": 10,
      "DOW_num": 4,
      "DOW_str": "Thursday",
      "outlier": 1
    },
    {
      "id": 49,
      "userID": 12,
      "AP7INVOICESID": 22687,
      "CHECKS7ID": 29432,
      "PaymentAmount": 10,
      "CheckAddedbyID": 12,
      "InvoiceAddedbyID": 26,
      "PAYMENTMETHOD": 1,
      "DeltaTime": 7498.159,
      "HOD": 10,
      "DOW_num": 4,
      "DOW_str": "Thursday",
      "outlier": 1
    },
    {
      "id": 50,
      "userID": 12,
      "AP7INVOICESID": 22842,
      "CHECKS7ID": 29641,
      "PaymentAmount": 441.12,
      "CheckAddedbyID": 12,
      "InvoiceAddedbyID": 26,
      "PAYMENTMETHOD": 1,
      "DeltaTime": 9007.9282,
      "HOD": 7,
      "DOW_num": 4,
      "DOW_str": "Thursday",
      "outlier": 1
    },
    {
      "id": 51,
      "userID": 12,
      "AP7INVOICESID": 24395,
      "CHECKS7ID": 31631,
      "PaymentAmount": 69.57,
      "CheckAddedbyID": 12,
      "InvoiceAddedbyID": 31,
      "PAYMENTMETHOD": 1,
      "DeltaTime": 9494.738,
      "HOD": 14,
      "DOW_num": 4,
      "DOW_str": "Thursday",
      "outlier": 1
    },
    {
      "id": 52,
      "userID": 12,
      "AP7INVOICESID": 25841,
      "CHECKS7ID": 33892,
      "PaymentAmount": 26,
      "CheckAddedbyID": 12,
      "InvoiceAddedbyID": 33,
      "PAYMENTMETHOD": 1,
      "DeltaTime": 3063.2635,
      "HOD": 15,
      "DOW_num": 4,
      "DOW_str": "Thursday",
      "outlier": 1
    },
    {
      "id": 53,
      "userID": 13,
      "AP7INVOICESID": 5782,
      "CHECKS7ID": 8673,
      "PaymentAmount": 71.25,
      "CheckAddedbyID": 13,
      "InvoiceAddedbyID": 13,
      "PAYMENTMETHOD": 1,
      "DeltaTime": 8729.6119,
      "HOD": 17,
      "DOW_num": 6,
      "DOW_str": "Saturday",
      "outlier": 1
    },
    {
      "id": 54,
      "userID": 13,
      "AP7INVOICESID": 6710,
      "CHECKS7ID": 9481,
      "PaymentAmount": 29.26,
      "CheckAddedbyID": 13,
      "InvoiceAddedbyID": 13,
      "PAYMENTMETHOD": 1,
      "DeltaTime": 35097.4558,
      "HOD": 9,
      "DOW_num": 3,
      "DOW_str": "Wednesday",
      "outlier": 1
    },
    {
      "id": 55,
      "userID": 13,
      "AP7INVOICESID": 8919,
      "CHECKS7ID": 11421,
      "PaymentAmount": 534,
      "CheckAddedbyID": 13,
      "InvoiceAddedbyID": 13,
      "PAYMENTMETHOD": 1,
      "DeltaTime": 8797.8519,
      "HOD": 13,
      "DOW_num": 5,
      "DOW_str": "Friday",
      "outlier": 1
    },
    {
      "id": 56,
      "userID": 27,
      "AP7INVOICESID": 18657,
      "CHECKS7ID": 24152,
      "PaymentAmount": 20,
      "CheckAddedbyID": 27,
      "InvoiceAddedbyID": 27,
      "PAYMENTMETHOD": 1,
      "DeltaTime": 855.6343,
      "HOD": 15,
      "DOW_num": 3,
      "DOW_str": "Wednesday",
      "outlier": 1
    }
  ]
]
