[
  {
    "name": "K-Means",
    "data": [
      {
        "id": 1,
        "userID": 1,
        "AP7INVOICESID": 1,
        "CHECKS7ID": 1,
        "PaymentAmount": 824.99,
        "CheckAddedbyID": 1,
        "InvoiceAddedbyID": 1,
        "PAYMENTMETHOD": 1,
        "DeltaTime": 45442.7268,
        "HOD": 10,
        "DOW_num": 4,
        "DOW_str": "Thursday",
        "cluster": 2,
        "outlier": 0,
        "xCoord": 0.6376,
        "yCoord": 0.9256
      },
      {
        "id": 2,
        "userID": 1,
        "AP7INVOICESID": 2,
        "CHECKS7ID": 96,
        "PaymentAmount": 45.6,
        "CheckAddedbyID": 1,
        "InvoiceAddedbyID": 1,
        "PAYMENTMETHOD": 1,
        "DeltaTime": 45802.7283,
        "HOD": 10,
        "DOW_num": 4,
        "DOW_str": "Thursday",
        "cluster": 2,
        "outlier": 0,
        "xCoord": 0.6477,
        "yCoord": 0.9415
      },
      {
        "id": 3,
        "userID": 1,
        "AP7INVOICESID": 3,
        "CHECKS7ID": 29,
        "PaymentAmount": 795.37,
        "CheckAddedbyID": 1,
        "InvoiceAddedbyID": 1,
        "PAYMENTMETHOD": 1,
        "DeltaTime": 45442.7271,
        "HOD": 10,
        "DOW_num": 4,
        "DOW_str": "Thursday",
        "cluster": 2,
        "outlier": 0,
        "xCoord": 0.6376,
        "yCoord": 0.9256
      },
      {
        "id": 4,
        "userID": 1,
        "AP7INVOICESID": 4,
        "CHECKS7ID": 29,
        "PaymentAmount": 178.21,
        "CheckAddedbyID": 1,
        "InvoiceAddedbyID": 1,
        "PAYMENTMETHOD": 1,
        "DeltaTime": 45370.7271,
        "HOD": 10,
        "DOW_num": 4,
        "DOW_str": "Thursday",
        "cluster": 2,
        "outlier": 0,
        "xCoord": 0.6356,
        "yCoord": 0.9225
      },
      {
        "id": 5,
        "userID": 1,
        "AP7INVOICESID": 5,
        "CHECKS7ID": 22,
        "PaymentAmount": 219.61,
        "CheckAddedbyID": 1,
        "InvoiceAddedbyID": 1,
        "PAYMENTMETHOD": 1,
        "DeltaTime": 45706.727,
        "HOD": 10,
        "DOW_num": 4,
        "DOW_str": "Thursday",
        "cluster": 2,
        "outlier": 0,
        "xCoord": 0.645,
        "yCoord": 0.9373
      },
      {
        "id": 6,
        "userID": 1,
        "AP7INVOICESID": 6,
        "CHECKS7ID": 3,
        "PaymentAmount": 25.03,
        "CheckAddedbyID": 1,
        "InvoiceAddedbyID": 1,
        "PAYMENTMETHOD": 1,
        "DeltaTime": 45442.7269,
        "HOD": 10,
        "DOW_num": 4,
        "DOW_str": "Thursday",
        "cluster": 2,
        "outlier": 0,
        "xCoord": 0.6376,
        "yCoord": 0.9256
      },
      {
        "id": 7,
        "userID": 1,
        "AP7INVOICESID": 7,
        "CHECKS7ID": 3,
        "PaymentAmount": 31.83,
        "CheckAddedbyID": 1,
        "InvoiceAddedbyID": 1,
        "PAYMENTMETHOD": 1,
        "DeltaTime": 45442.7269,
        "HOD": 10,
        "DOW_num": 4,
        "DOW_str": "Thursday",
        "cluster": 2,
        "outlier": 0,
        "xCoord": 0.6376,
        "yCoord": 0.9256
      },
      {
        "id": 8,
        "userID": 1,
        "AP7INVOICESID": 8,
        "CHECKS7ID": 3,
        "PaymentAmount": 58.02,
        "CheckAddedbyID": 1,
        "InvoiceAddedbyID": 1,
        "PAYMENTMETHOD": 1,
        "DeltaTime": 45442.7269,
        "HOD": 10,
        "DOW_num": 4,
        "DOW_str": "Thursday",
        "cluster": 2,
        "outlier": 0,
        "xCoord": 0.6376,
        "yCoord": 0.9256
      },
      {
        "id": 9,
        "userID": 1,
        "AP7INVOICESID": 9,
        "CHECKS7ID": 4,
        "PaymentAmount": 91.75,
        "CheckAddedbyID": 1,
        "InvoiceAddedbyID": 1,
        "PAYMENTMETHOD": 1,
        "DeltaTime": 45442.7269,
        "HOD": 10,
        "DOW_num": 4,
        "DOW_str": "Thursday",
        "cluster": 2,
        "outlier": 0,
        "xCoord": 0.6376,
        "yCoord": 0.9256
      },
      {
        "id": 10,
        "userID": 1,
        "AP7INVOICESID": 10,
        "CHECKS7ID": 110,
        "PaymentAmount": 0,
        "CheckAddedbyID": 1,
        "InvoiceAddedbyID": 1,
        "PAYMENTMETHOD": 1,
        "DeltaTime": 45442.7284,
        "HOD": 10,
        "DOW_num": 4,
        "DOW_str": "Thursday",
        "cluster": 2,
        "outlier": 0,
        "xCoord": 0.6376,
        "yCoord": 0.9256
      },
      {
        "id": 11,
        "userID": 1,
        "AP7INVOICESID": 11,
        "CHECKS7ID": 110,
        "PaymentAmount": 0,
        "CheckAddedbyID": 1,
        "InvoiceAddedbyID": 1,
        "PAYMENTMETHOD": 1,
        "DeltaTime": 45442.7284,
        "HOD": 10,
        "DOW_num": 4,
        "DOW_str": "Thursday",
        "cluster": 2,
        "outlier": 0,
        "xCoord": 0.6376,
        "yCoord": 0.9256
      },
      {
        "id": 12,
        "userID": 1,
        "AP7INVOICESID": 12,
        "CHECKS7ID": 8,
        "PaymentAmount": 46.72,
        "CheckAddedbyID": 1,
        "InvoiceAddedbyID": 1,
        "PAYMENTMETHOD": 1,
        "DeltaTime": 45442.7269,
        "HOD": 10,
        "DOW_num": 4,
        "DOW_str": "Thursday",
        "cluster": 2,
        "outlier": 0,
        "xCoord": 0.6376,
        "yCoord": 0.9256
      },
      {
        "id": 13,
        "userID": 1,
        "AP7INVOICESID": 13,
        "CHECKS7ID": 8,
        "PaymentAmount": 321.49,
        "CheckAddedbyID": 1,
        "InvoiceAddedbyID": 1,
        "PAYMENTMETHOD": 1,
        "DeltaTime": 45442.7269,
        "HOD": 10,
        "DOW_num": 4,
        "DOW_str": "Thursday",
        "cluster": 2,
        "outlier": 0,
        "xCoord": 0.6376,
        "yCoord": 0.9256
      },
      {
        "id": 14,
        "userID": 1,
        "AP7INVOICESID": 14,
        "CHECKS7ID": 9,
        "PaymentAmount": 549.57,
        "CheckAddedbyID": 1,
        "InvoiceAddedbyID": 1,
        "PAYMENTMETHOD": 1,
        "DeltaTime": 45442.7269,
        "HOD": 10,
        "DOW_num": 4,
        "DOW_str": "Thursday",
        "cluster": 2,
        "outlier": 0,
        "xCoord": 0.6376,
        "yCoord": 0.9256
      },
      {
        "id": 15,
        "userID": 1,
        "AP7INVOICESID": 15,
        "CHECKS7ID": 28,
        "PaymentAmount": 615,
        "CheckAddedbyID": 1,
        "InvoiceAddedbyID": 1,
        "PAYMENTMETHOD": 1,
        "DeltaTime": 45442.7271,
        "HOD": 10,
        "DOW_num": 4,
        "DOW_str": "Thursday",
        "cluster": 2,
        "outlier": 0,
        "xCoord": 0.6376,
        "yCoord": 0.9256
      },
      {
        "id": 16,
        "userID": 1,
        "AP7INVOICESID": 16,
        "CHECKS7ID": 21,
        "PaymentAmount": 77.42,
        "CheckAddedbyID": 1,
        "InvoiceAddedbyID": 1,
        "PAYMENTMETHOD": 1,
        "DeltaTime": 45442.727,
        "HOD": 10,
        "DOW_num": 4,
        "DOW_str": "Thursday",
        "cluster": 2,
        "outlier": 0,
        "xCoord": 0.6376,
        "yCoord": 0.9256
      }
    ]
  }
]